timestamp,city,aqi,pm25,pm10,no2,co,o3,so2,nh3,temperature,humidity,pressure,wind_speed,hour,day_of_week,month,aqi_lag_1h,aqi_lag_3h,aqi_change
2026-10-04 18:27:20,Karachi,2,4.56,20.13,0.07,78.85,52.12,0.39,0.0,28.07,74,1012,6.17,18,6,10,1.0,1.0,1.0
2026-10-04 22:05:13,Karachi,2,5.19,24.91,0.07,77.82,53.57,0.4,0.0,27.07,78,1010,5.14,22,6,10,2.0,1.0,0.0
2026-10-05 01:23:12,Karachi,2,5.88,29.93,0.07,77.74,54.92,0.42,0.0,27.06,78,1010,3.09,1,0,10,2.0,1.0,0.0
2026-10-05 07:53:41,Karachi,2,7.92,41.53,0.04,78.95,58.17,0.47,0.0,32.07,51,1011,7.72,7,0,10,2.0,2.0,0.0
2026-10-05 16:34:41,Karachi,2,4.49,21.92,0.07,77.37,59.82,0.37,0.0,28.07,78,1012,5.66,16,0,10,2.0,2.0,0.0
2026-10-05 22:59:23,Karachi,2,5.74,29.22,0.06,78.37,55.7,0.42,0.0,28.07,78,1010,4.12,22,0,10,2.0,2.0,0.0
2026-10-06 02:43:08,Karachi,2,7.91,41.29,0.08,80.16,58.13,0.47,0.0,28.07,78,1011,5.14,2,1,10,2.0,2.0,0.0
2026-10-06 09:34:48,Karachi,2,7.5,43.72,0.05,79.81,54.28,0.38,0.0,31.07,58,1010,6.17,9,1,10,2.0,2.0,0.0
2026-10-06 16:22:29,Karachi,2,5.52,31.42,0.07,79.38,48.28,0.32,0.0,29.07,74,1013,3.6,16,1,10,2.0,2.0,0.0
2026-10-06 21:22:14,Karachi,2,5.48,31.17,0.06,81.63,46.91,0.27,0.0,27.07,83,1013,2.06,21,1,10,2.0,2.0,0.0
2026-10-07 01:06:55,Karachi,2,5.13,23.88,0.06,81.82,45.34,0.21,0.0,27.07,89,1014,2.57,1,2,10,2.0,2.0,0.0
2026-10-07 07:53:24,Karachi,2,4.3,21.52,0.03,82.14,45.54,0.15,0.0,32.07,55,1015,5.14,7,2,10,2.0,2.0,0.0
2026-10-07 14:53:09,Karachi,2,3.8,25.35,0.05,83.02,42.85,0.11,0.0,29.07,65,1015,4.12,14,2,10,2.0,2.0,0.0
